{"name": "Camera", "Focal Length": 50.0, "Location": [0.0, 299.3515319824219, 101.13522338867188], "Rotation": [1.31541109085083, -0.013474819250404835, 3.141590118408203], "Perseption": "PERSP", "shift_x": 0.1080659031867981, "shift_y": 0.17454202473163605, "sensor_width": 36.0, "sensor_height": 24.0, "sensor_fit": "AUTO", "resolution_y": 900, "resolution_x": 900, "pixel_aspect_x": 1.0, "pixel_aspect_y": 1.0, "resolution_percentage": 100, "scale": [1.0, 1.0, 1.0]}